DateTime,Power_predicted_values
2024-01-01 03:00:00,53.09737
2024-01-01 04:00:00,51.86692
2024-01-01 05:00:00,54.46907
2024-01-01 06:00:00,54.235924
2024-01-01 07:00:00,57.192543
2024-01-01 08:00:00,57.64393
2024-01-01 09:00:00,46.44908
2024-01-01 10:00:00,42.267258
2024-01-01 11:00:00,46.789726
2024-01-01 12:00:00,42.35569
2024-01-01 13:00:00,43.652718
2024-01-01 14:00:00,36.926777
2024-01-01 15:00:00,29.418217
2024-01-01 16:00:00,23.692886
2024-01-01 17:00:00,32.05554
2024-01-01 18:00:00,36.689972
2024-01-01 19:00:00,44.021233
2024-01-01 20:00:00,48.606476
2024-01-01 21:00:00,53.053165
2024-01-01 22:00:00,55.319958
2024-01-01 23:00:00,56.701492
2024-01-02 00:00:00,59.83095
2024-01-02 01:00:00,50.153393
2024-01-02 02:00:00,52.93089
2024-01-02 03:00:00,45.645752
2024-01-02 04:00:00,31.462732
2024-01-02 05:00:00,33.355057
2024-01-02 06:00:00,34.112415
2024-01-02 07:00:00,29.711725
2024-01-02 08:00:00,31.344837
2024-01-02 09:00:00,25.546547
2024-01-02 10:00:00,31.490679
2024-01-02 11:00:00,19.913057
2024-01-02 12:00:00,29.590736
2024-01-02 13:00:00,17.448973
2024-01-02 14:00:00,7.275899
2024-01-02 15:00:00,2.519335
2024-01-02 16:00:00,3.6764815
2024-01-02 17:00:00,1.3923225
2024-01-02 18:00:00,0.673135
2024-01-02 19:00:00,1.2458167
2024-01-02 20:00:00,1.4058025
2024-01-02 21:00:00,1.9688056
2024-01-02 22:00:00,1.7107849
2024-01-02 23:00:00,0.90345204
2024-01-03 00:00:00,5.7364583
2024-01-03 01:00:00,3.8806772
2024-01-03 02:00:00,1.3113759
2024-01-03 03:00:00,0.39181912
2024-01-03 04:00:00,0.38275328
2024-01-03 05:00:00,1.3789129
2024-01-03 06:00:00,0.5399244
2024-01-03 07:00:00,0.8540373
2024-01-03 08:00:00,2.7431118
2024-01-03 09:00:00,4.7513733
2024-01-03 10:00:00,8.601519
2024-01-03 11:00:00,12.551823
2024-01-03 12:00:00,23.254324
2024-01-03 13:00:00,25.580488
2024-01-03 14:00:00,27.592005
2024-01-03 15:00:00,25.954813
2024-01-03 16:00:00,3.9854856
2024-01-03 17:00:00,2.5148559
2024-01-03 18:00:00,7.4551096
2024-01-03 19:00:00,7.725616
2024-01-03 20:00:00,14.254105
2024-01-03 21:00:00,16.124102
2024-01-03 22:00:00,19.544106
2024-01-03 23:00:00,26.712423
2024-01-04 00:00:00,42.414845
2024-01-04 01:00:00,46.827282
2024-01-04 02:00:00,42.110115
2024-01-04 03:00:00,43.718433
2024-01-04 04:00:00,35.334545
2024-01-04 05:00:00,29.57381
2024-01-04 06:00:00,27.001963
2024-01-04 07:00:00,18.15601
2024-01-04 08:00:00,9.275684
2024-01-04 09:00:00,4.1254373
2024-01-04 10:00:00,2.8800302
2024-01-04 11:00:00,0.835019
2024-01-04 12:00:00,0.19674638
2024-01-04 13:00:00,0.11944628
2024-01-04 14:00:00,-0.016215563
2024-01-04 15:00:00,0.00035518408
2024-01-04 16:00:00,-0.052613735
2024-01-04 17:00:00,0.13251364
2024-01-04 18:00:00,0.3772748
2024-01-04 19:00:00,0.016931891
2024-01-04 20:00:00,0.17336565
2024-01-04 21:00:00,0.21352792
2024-01-04 22:00:00,0.6973711
2024-01-04 23:00:00,0.6392698
2024-01-05 00:00:00,1.4460058
2024-01-05 01:00:00,2.7840025
2024-01-05 02:00:00,3.9838505
2024-01-05 03:00:00,10.516394
2024-01-05 04:00:00,9.874867
2024-01-05 05:00:00,5.742593
2024-01-05 06:00:00,3.36068
2024-01-05 07:00:00,3.8483765
2024-01-05 08:00:00,3.178995
2024-01-05 09:00:00,3.334991
2024-01-05 10:00:00,3.9937432
2024-01-05 11:00:00,3.0102174
2024-01-05 12:00:00,2.5633624
2024-01-05 13:00:00,2.8010848
2024-01-05 14:00:00,3.197552
2024-01-05 15:00:00,3.173892
2024-01-05 16:00:00,2.0298219
2024-01-05 17:00:00,0.17640924
2024-01-05 18:00:00,0.5309123
2024-01-05 19:00:00,0.8979499
2024-01-05 20:00:00,2.3047955
2024-01-05 21:00:00,4.1408057
2024-01-05 22:00:00,4.4862866
2024-01-05 23:00:00,12.967538
2024-01-06 00:00:00,25.725056
2024-01-06 01:00:00,38.28978
2024-01-06 02:00:00,44.477333
2024-01-06 03:00:00,50.504025
2024-01-06 04:00:00,40.727184
2024-01-06 05:00:00,46.109615
2024-01-06 06:00:00,27.797258
2024-01-06 07:00:00,40.67684
2024-01-06 08:00:00,35.996048
2024-01-06 09:00:00,26.85248
2024-01-06 10:00:00,20.768812
2024-01-06 11:00:00,29.158627
2024-01-06 12:00:00,28.603294
2024-01-06 13:00:00,19.254313
2024-01-06 14:00:00,20.180283
2024-01-06 15:00:00,23.56449
2024-01-06 16:00:00,21.522999
2024-01-06 17:00:00,9.515361
2024-01-06 18:00:00,7.449511
2024-01-06 19:00:00,4.2223797
2024-01-06 20:00:00,3.9584227
2024-01-06 21:00:00,2.7686012
2024-01-06 22:00:00,6.427136
2024-01-06 23:00:00,10.982502
2024-01-07 00:00:00,6.818922
2024-01-07 01:00:00,5.673136
2024-01-07 02:00:00,10.697159
2024-01-07 03:00:00,9.125919
2024-01-07 04:00:00,4.239417
2024-01-07 05:00:00,8.811767
2024-01-07 06:00:00,11.229201
2024-01-07 07:00:00,9.0572195
2024-01-07 08:00:00,6.3970637
2024-01-07 09:00:00,1.8870575
2024-01-07 10:00:00,1.1395005
2024-01-07 11:00:00,0.98612
2024-01-07 12:00:00,0.13598704
2024-01-07 13:00:00,0.23342139
2024-01-07 14:00:00,0.7133571
2024-01-07 15:00:00,1.3922244
2024-01-07 16:00:00,1.2890561
2024-01-07 17:00:00,0.009851158
2024-01-07 18:00:00,0.21814021
2024-01-07 19:00:00,0.20021927
2024-01-07 20:00:00,0.35838458
2024-01-07 21:00:00,-0.33450037
2024-01-07 22:00:00,0.14324716
2024-01-07 23:00:00,0.33152497
2024-01-08 00:00:00,0.7426561
2024-01-08 01:00:00,0.712512
2024-01-08 02:00:00,5.5098104
2024-01-08 03:00:00,1.5296943
2024-01-08 04:00:00,1.4914641
2024-01-08 05:00:00,6.9534073
2024-01-08 06:00:00,10.915929
2024-01-08 07:00:00,0.49847
2024-01-08 08:00:00,1.2470825
2024-01-08 09:00:00,12.550969
2024-01-08 10:00:00,3.7920077
2024-01-08 11:00:00,6.321407
2024-01-08 12:00:00,10.382134
2024-01-08 13:00:00,0.36852574
2024-01-08 14:00:00,5.7352276
2024-01-08 15:00:00,3.7907274
2024-01-08 16:00:00,0.47620252
2024-01-08 17:00:00,0.23753092
2024-01-08 18:00:00,0.6498087
2024-01-08 19:00:00,-0.110862315
2024-01-08 20:00:00,1.1565423
2024-01-08 21:00:00,10.335043
2024-01-08 22:00:00,1.1333268
2024-01-08 23:00:00,0.8712781
2024-01-09 00:00:00,8.862178
2024-01-09 01:00:00,3.4539022
2024-01-09 02:00:00,5.3051176
2024-01-09 03:00:00,3.4543862
2024-01-09 04:00:00,1.7882924
2024-01-09 05:00:00,5.634293
2024-01-09 06:00:00,3.4665303
2024-01-09 07:00:00,1.7271996
2024-01-09 08:00:00,0.58597106
2024-01-09 09:00:00,2.453823
2024-01-09 10:00:00,4.3360767
2024-01-09 11:00:00,4.497583
2024-01-09 12:00:00,8.367884
2024-01-09 13:00:00,4.639744
2024-01-09 14:00:00,2.6073816
2024-01-09 15:00:00,1.3871715
2024-01-09 16:00:00,1.6305144
2024-01-09 17:00:00,0.21523467
2024-01-09 18:00:00,2.470343
2024-01-09 19:00:00,7.825575
2024-01-09 20:00:00,4.9021316
2024-01-09 21:00:00,8.92962
2024-01-09 22:00:00,10.555346
2024-01-09 23:00:00,15.756187
2024-01-10 00:00:00,26.908756
2024-01-10 01:00:00,30.854023
2024-01-10 02:00:00,47.027176
2024-01-10 03:00:00,41.908916
2024-01-10 04:00:00,41.225227
2024-01-10 05:00:00,44.76419
2024-01-10 06:00:00,37.378513
2024-01-10 07:00:00,31.588379
2024-01-10 08:00:00,30.600037
2024-01-10 09:00:00,23.53638
2024-01-10 10:00:00,14.560988
2024-01-10 11:00:00,11.178911
2024-01-10 12:00:00,11.467463
2024-01-10 13:00:00,21.377884
2024-01-10 14:00:00,28.024548
2024-01-10 15:00:00,19.617998
2024-01-10 16:00:00,26.54051
2024-01-10 17:00:00,29.433043
2024-01-10 18:00:00,28.389431
2024-01-10 19:00:00,25.41335
2024-01-10 20:00:00,26.40149
2024-01-10 21:00:00,32.865986
2024-01-10 22:00:00,45.60836
2024-01-10 23:00:00,36.801888
2024-01-11 00:00:00,16.507845
2024-01-11 01:00:00,29.217503
2024-01-11 02:00:00,18.961067
2024-01-11 03:00:00,24.195675
2024-01-11 04:00:00,21.77582
2024-01-11 05:00:00,22.764763
2024-01-11 06:00:00,16.519281
2024-01-11 07:00:00,14.030351
2024-01-11 08:00:00,11.229573
2024-01-11 09:00:00,13.667904
2024-01-11 10:00:00,13.888075
2024-01-11 11:00:00,15.72798
2024-01-11 12:00:00,34.39319
2024-01-11 13:00:00,14.466287
2024-01-11 14:00:00,8.288784
2024-01-11 15:00:00,20.15034
2024-01-11 16:00:00,32.874905
2024-01-11 17:00:00,38.81272
2024-01-11 18:00:00,46.61224
2024-01-11 19:00:00,52.855225
2024-01-11 20:00:00,50.920837
2024-01-11 21:00:00,51.148384
2024-01-11 22:00:00,47.777996
2024-01-11 23:00:00,54.465263
2024-01-12 00:00:00,58.881126
2024-01-12 01:00:00,36.71165
2024-01-12 02:00:00,44.612125
2024-01-12 03:00:00,49.993397
2024-01-12 04:00:00,36.914165
2024-01-12 05:00:00,27.38598
2024-01-12 06:00:00,28.507948
2024-01-12 07:00:00,24.449455
2024-01-12 08:00:00,38.094074
2024-01-12 09:00:00,20.797602
2024-01-12 10:00:00,40.175495
2024-01-12 11:00:00,38.37388
2024-01-12 12:00:00,13.283155
2024-01-12 13:00:00,14.520055
2024-01-12 14:00:00,21.526339
2024-01-12 15:00:00,11.152145
2024-01-12 16:00:00,39.948215
2024-01-12 17:00:00,25.125053
2024-01-12 18:00:00,21.584057
2024-01-12 19:00:00,20.80576
2024-01-12 20:00:00,16.624336
2024-01-12 21:00:00,20.436874
2024-01-12 22:00:00,23.497412
2024-01-12 23:00:00,21.479336
2024-01-13 00:00:00,33.988396
2024-01-13 01:00:00,32.664032
2024-01-13 02:00:00,25.279673
2024-01-13 03:00:00,23.988194
2024-01-13 04:00:00,18.943445
2024-01-13 05:00:00,14.686899
2024-01-13 06:00:00,5.6208215
2024-01-13 07:00:00,2.2017274
2024-01-13 08:00:00,1.9234867
2024-01-13 09:00:00,5.8152194
2024-01-13 10:00:00,4.6506853
2024-01-13 11:00:00,4.299794
2024-01-13 12:00:00,10.972484
2024-01-13 13:00:00,8.093029
2024-01-13 14:00:00,9.6597
2024-01-13 15:00:00,12.995094
2024-01-13 16:00:00,1.5311565
2024-01-13 17:00:00,2.0574563
2024-01-13 18:00:00,10.489418
2024-01-13 19:00:00,19.72184
2024-01-13 20:00:00,30.787073
2024-01-13 21:00:00,37.856285
2024-01-13 22:00:00,38.30968
2024-01-13 23:00:00,42.708347
2024-01-14 00:00:00,54.19475
2024-01-14 01:00:00,54.637604
2024-01-14 02:00:00,57.525753
2024-01-14 03:00:00,53.507664
2024-01-14 04:00:00,58.979088
2024-01-14 05:00:00,57.572975
2024-01-14 06:00:00,54.37311
2024-01-14 07:00:00,38.28113
2024-01-14 08:00:00,32.39621
2024-01-14 09:00:00,37.56487
2024-01-14 10:00:00,33.317593
2024-01-14 11:00:00,21.621347
2024-01-14 12:00:00,12.313517
2024-01-14 13:00:00,17.041523
2024-01-14 14:00:00,14.296585
2024-01-14 15:00:00,3.1860757
2024-01-14 16:00:00,0.062385976
2024-01-14 17:00:00,0.46834102
2024-01-14 18:00:00,-0.07475531
2024-01-14 19:00:00,-0.018418849
2024-01-14 20:00:00,0.018945217
2024-01-14 21:00:00,0.16035268
2024-01-14 22:00:00,0.31783667
2024-01-14 23:00:00,0.7811281
2024-01-15 00:00:00,7.219725
2024-01-15 01:00:00,22.122713
2024-01-15 02:00:00,17.008276
2024-01-15 03:00:00,23.244055
2024-01-15 04:00:00,43.34705
2024-01-15 05:00:00,44.493332
2024-01-15 06:00:00,46.35163
2024-01-15 07:00:00,44.55517
2024-01-15 08:00:00,41.13399
2024-01-15 09:00:00,41.19023
2024-01-15 10:00:00,41.765335
2024-01-15 11:00:00,44.374775
2024-01-15 12:00:00,52.02855
2024-01-15 13:00:00,51.635303
2024-01-15 14:00:00,52.8745
2024-01-15 15:00:00,54.91825
2024-01-15 16:00:00,31.065184
2024-01-15 17:00:00,28.658348
2024-01-15 18:00:00,28.816893
2024-01-15 19:00:00,32.756687
2024-01-15 20:00:00,32.714897
2024-01-15 21:00:00,35.543488
2024-01-15 22:00:00,35.744877
2024-01-15 23:00:00,46.341274
2024-01-16 00:00:00,48.60863
2024-01-16 01:00:00,55.312977
2024-01-16 02:00:00,58.56461
2024-01-16 03:00:00,57.75544
2024-01-16 04:00:00,55.670513
2024-01-16 05:00:00,55.04978
2024-01-16 06:00:00,53.90394
2024-01-16 07:00:00,46.999737
2024-01-16 08:00:00,51.118374
2024-01-16 09:00:00,39.453457
2024-01-16 10:00:00,36.151463
2024-01-16 11:00:00,25.899357
2024-01-16 12:00:00,38.903584
2024-01-16 13:00:00,34.814274
2024-01-16 14:00:00,26.221178
2024-01-16 15:00:00,39.506233
2024-01-16 16:00:00,39.88331
2024-01-16 17:00:00,54.74254
2024-01-16 18:00:00,54.00028
2024-01-16 19:00:00,39.175358
2024-01-16 20:00:00,50.322197
2024-01-16 21:00:00,39.708286
2024-01-16 22:00:00,43.101562
2024-01-16 23:00:00,39.678757
2024-01-17 00:00:00,31.443
2024-01-17 01:00:00,51.237503
2024-01-17 02:00:00,45.21769
2024-01-17 03:00:00,40.346363
2024-01-17 04:00:00,55.31163
2024-01-17 05:00:00,56.78834
2024-01-17 06:00:00,57.96941
2024-01-17 07:00:00,49.121986
2024-01-17 08:00:00,34.35343
2024-01-17 09:00:00,18.166056
2024-01-17 10:00:00,6.450263
2024-01-17 11:00:00,10.79142
2024-01-17 12:00:00,14.087927
2024-01-17 13:00:00,20.504606
2024-01-17 14:00:00,16.023548
2024-01-17 15:00:00,14.266311
2024-01-17 16:00:00,14.493531
2024-01-17 17:00:00,4.966197
2024-01-17 18:00:00,4.276079
2024-01-17 19:00:00,1.985805
2024-01-17 20:00:00,0.8063436
2024-01-17 21:00:00,0.81966245
2024-01-17 22:00:00,0.22327667
2024-01-17 23:00:00,0.4038125
2024-01-18 00:00:00,0.6241907
2024-01-18 01:00:00,0.13289046
2024-01-18 02:00:00,0.076545686
2024-01-18 03:00:00,0.0024080873
2024-01-18 04:00:00,0.042892396
2024-01-18 05:00:00,0.021198452
2024-01-18 06:00:00,0.0031805634
2024-01-18 07:00:00,0.043307364
2024-01-18 08:00:00,0.103563696
2024-01-18 09:00:00,0.06572044
2024-01-18 10:00:00,0.22988147
2024-01-18 11:00:00,2.4793916
2024-01-18 12:00:00,5.532028
2024-01-18 13:00:00,2.7633843
2024-01-18 14:00:00,5.8307605
2024-01-18 15:00:00,7.7668896
2024-01-18 16:00:00,2.0224218
2024-01-18 17:00:00,1.004848
2024-01-18 18:00:00,3.8308914
2024-01-18 19:00:00,4.480721
2024-01-18 20:00:00,8.262647
2024-01-18 21:00:00,11.391473
2024-01-18 22:00:00,10.802034
2024-01-18 23:00:00,16.858559
2024-01-19 00:00:00,18.444916
2024-01-19 01:00:00,25.427217
2024-01-19 02:00:00,41.550793
2024-01-19 03:00:00,27.915188
2024-01-19 04:00:00,24.887234
2024-01-19 05:00:00,11.363926
2024-01-19 06:00:00,11.92835
2024-01-19 07:00:00,18.93464
2024-01-19 08:00:00,6.58342
2024-01-19 09:00:00,5.558927
2024-01-19 10:00:00,4.1147437
2024-01-19 11:00:00,0.5833509
2024-01-19 12:00:00,2.9656177
2024-01-19 13:00:00,3.2013862
2024-01-19 14:00:00,5.8708415
2024-01-19 15:00:00,6.759167
2024-01-19 16:00:00,9.877375
2024-01-19 17:00:00,4.7467012
2024-01-19 18:00:00,4.5626717
2024-01-19 19:00:00,1.5801208
2024-01-19 20:00:00,5.5599947
2024-01-19 21:00:00,21.196302
2024-01-19 22:00:00,8.521935
2024-01-19 23:00:00,21.260687
2024-01-20 00:00:00,22.303043
2024-01-20 01:00:00,36.091473
2024-01-20 02:00:00,25.685913
2024-01-20 03:00:00,16.13202
2024-01-20 04:00:00,24.696426
2024-01-20 05:00:00,44.38647
2024-01-20 06:00:00,50.50479
2024-01-20 07:00:00,45.953884
2024-01-20 08:00:00,51.23631
2024-01-20 09:00:00,53.48366
2024-01-20 10:00:00,48.685017
2024-01-20 11:00:00,52.50452
2024-01-20 12:00:00,53.896194
2024-01-20 13:00:00,50.97941
2024-01-20 14:00:00,19.980757
2024-01-20 15:00:00,15.731753
2024-01-20 16:00:00,3.8372972
2024-01-20 17:00:00,11.244071
2024-01-20 18:00:00,2.9674666
2024-01-20 19:00:00,8.677755
2024-01-20 20:00:00,4.5493245
2024-01-20 21:00:00,7.3577514
2024-01-20 22:00:00,9.4408245
2024-01-20 23:00:00,17.337156
2024-01-21 00:00:00,18.166739
2024-01-21 01:00:00,15.679851
2024-01-21 02:00:00,6.7359385
2024-01-21 03:00:00,7.4973397
2024-01-21 04:00:00,3.745001
2024-01-21 05:00:00,1.6770818
2024-01-21 06:00:00,0.9488702
2024-01-21 07:00:00,3.0663245
2024-01-21 08:00:00,2.8607662
2024-01-21 09:00:00,3.0077038
2024-01-21 10:00:00,5.107218
2024-01-21 11:00:00,16.677412
2024-01-21 12:00:00,31.07764
2024-01-21 13:00:00,42.41837
2024-01-21 14:00:00,36.27866
2024-01-21 15:00:00,43.20317
2024-01-21 16:00:00,37.155025
2024-01-21 17:00:00,35.583054
2024-01-21 18:00:00,25.681898
2024-01-21 19:00:00,27.84747
2024-01-21 20:00:00,22.76774
2024-01-21 21:00:00,29.250765
2024-01-21 22:00:00,30.274807
2024-01-21 23:00:00,37.54486
2024-01-22 00:00:00,46.924988
2024-01-22 01:00:00,49.1518
2024-01-22 02:00:00,54.3717
2024-01-22 03:00:00,56.097332
2024-01-22 04:00:00,53.674202
2024-01-22 05:00:00,55.461605
2024-01-22 06:00:00,54.056335
2024-01-22 07:00:00,57.563778
2024-01-22 08:00:00,57.6147
2024-01-22 09:00:00,58.148582
2024-01-22 10:00:00,58.916386
2024-01-22 11:00:00,56.160503
2024-01-22 12:00:00,58.787968
2024-01-22 13:00:00,30.366396
2024-01-22 14:00:00,45.848026
2024-01-22 15:00:00,50.306313
2024-01-22 16:00:00,35.926395
2024-01-22 17:00:00,40.119427
2024-01-22 18:00:00,25.604595
2024-01-22 19:00:00,19.619265
2024-01-22 20:00:00,22.387995
2024-01-22 21:00:00,16.552967
2024-01-22 22:00:00,14.872075
2024-01-22 23:00:00,16.648418
2024-01-23 00:00:00,15.518012
2024-01-23 01:00:00,29.069895
2024-01-23 02:00:00,9.623897
2024-01-23 03:00:00,12.545088
2024-01-23 04:00:00,19.822891
2024-01-23 05:00:00,26.93046
2024-01-23 06:00:00,29.571943
2024-01-23 07:00:00,24.946424
2024-01-23 08:00:00,20.197254
2024-01-23 09:00:00,16.233171
2024-01-23 10:00:00,8.184997
2024-01-23 11:00:00,2.747031
2024-01-23 12:00:00,1.5965443
2024-01-23 13:00:00,0.480582
2024-01-23 14:00:00,0.1478427
2024-01-23 15:00:00,0.50788367
2024-01-23 16:00:00,0.24223623
2024-01-23 17:00:00,-0.27438343
2024-01-23 18:00:00,0.04674685
2024-01-23 19:00:00,0.4061429
2024-01-23 20:00:00,0.8142006
2024-01-23 21:00:00,0.28654087
2024-01-23 22:00:00,0.70939434
2024-01-23 23:00:00,0.6021171
2024-01-24 00:00:00,6.4942317
2024-01-24 01:00:00,14.142361
2024-01-24 02:00:00,20.266476
2024-01-24 03:00:00,26.843904
2024-01-24 04:00:00,41.01449
2024-01-24 05:00:00,48.50604
2024-01-24 06:00:00,36.30765
2024-01-24 07:00:00,16.635946
2024-01-24 08:00:00,6.1607947
2024-01-24 09:00:00,10.646768
2024-01-24 10:00:00,3.46217
2024-01-24 11:00:00,6.001203
2024-01-24 12:00:00,8.505343
2024-01-24 13:00:00,10.627125
2024-01-24 14:00:00,1.2813487
2024-01-24 15:00:00,8.555731
2024-01-24 16:00:00,21.220339
2024-01-24 17:00:00,19.750273
2024-01-24 18:00:00,3.8081596
2024-01-24 19:00:00,8.395093
2024-01-24 20:00:00,6.705519
2024-01-24 21:00:00,4.8383374
2024-01-24 22:00:00,10.154026
2024-01-24 23:00:00,14.33241
2024-01-25 00:00:00,30.554476
2024-01-25 01:00:00,49.92178
2024-01-25 02:00:00,51.457882
2024-01-25 03:00:00,55.386818
2024-01-25 04:00:00,56.18939
2024-01-25 05:00:00,56.28205
2024-01-25 06:00:00,54.580914
2024-01-25 07:00:00,44.946793
2024-01-25 08:00:00,51.67969
2024-01-25 09:00:00,38.554726
2024-01-25 10:00:00,45.250454
2024-01-25 11:00:00,37.569042
2024-01-25 12:00:00,40.466324
2024-01-25 13:00:00,37.705956
2024-01-25 14:00:00,42.900364
2024-01-25 15:00:00,36.94398
2024-01-25 16:00:00,13.131753
2024-01-25 17:00:00,36.893307
2024-01-25 18:00:00,36.64505
2024-01-25 19:00:00,14.518293
2024-01-25 20:00:00,23.220034
2024-01-25 21:00:00,15.507597
2024-01-25 22:00:00,11.351875
2024-01-25 23:00:00,9.836576
2024-01-26 00:00:00,0.9883777
2024-01-26 01:00:00,12.667812
2024-01-26 02:00:00,30.411453
2024-01-26 03:00:00,34.282036
2024-01-26 04:00:00,47.289257
2024-01-26 05:00:00,19.175112
2024-01-26 06:00:00,41.279312
2024-01-26 07:00:00,34.281155
2024-01-26 08:00:00,22.754148
2024-01-26 09:00:00,25.081734
2024-01-26 10:00:00,27.74377
2024-01-26 11:00:00,35.51727
2024-01-26 12:00:00,20.914806
2024-01-26 13:00:00,19.66231
2024-01-26 14:00:00,23.142712
2024-01-26 15:00:00,6.713994
2024-01-26 16:00:00,0.94398296
2024-01-26 17:00:00,0.05518323
2024-01-26 18:00:00,0.9865544
2024-01-26 19:00:00,1.645196
2024-01-26 20:00:00,1.3136675
2024-01-26 21:00:00,2.4019797
2024-01-26 22:00:00,2.8800492
2024-01-26 23:00:00,2.549974
2024-01-27 00:00:00,2.4987001
2024-01-27 01:00:00,0.9368489
2024-01-27 02:00:00,0.6416203
2024-01-27 03:00:00,0.24496609
2024-01-27 04:00:00,0.059844613
2024-01-27 05:00:00,0.08730674
2024-01-27 06:00:00,0.16818282
2024-01-27 07:00:00,0.19123274
2024-01-27 08:00:00,0.48668978
2024-01-27 09:00:00,1.7575881
2024-01-27 10:00:00,1.4071035
2024-01-27 11:00:00,4.9765368
2024-01-27 12:00:00,4.663834
2024-01-27 13:00:00,4.994843
2024-01-27 14:00:00,5.9599633
2024-01-27 15:00:00,15.092654
2024-01-27 16:00:00,20.789158
2024-01-27 17:00:00,3.4064372
2024-01-27 18:00:00,1.5686245
2024-01-27 19:00:00,28.356153
2024-01-27 20:00:00,22.524134
2024-01-27 21:00:00,24.63246
2024-01-27 22:00:00,26.72143
2024-01-27 23:00:00,21.564465
2024-01-28 00:00:00,22.456923
2024-01-28 01:00:00,39.70002
2024-01-28 02:00:00,37.214554
2024-01-28 03:00:00,38.28423
2024-01-28 04:00:00,43.7111
2024-01-28 05:00:00,42.07491
2024-01-28 06:00:00,27.902143
2024-01-28 07:00:00,16.081293
2024-01-28 08:00:00,12.654452
2024-01-28 09:00:00,10.764013
2024-01-28 10:00:00,1.921947
2024-01-28 11:00:00,0.15996057
2024-01-28 12:00:00,-0.15976954
2024-01-28 13:00:00,0.049037218
2024-01-28 14:00:00,0.12972721
2024-01-28 15:00:00,0.15007585
2024-01-28 16:00:00,-0.08618772
2024-01-28 17:00:00,0.13688308
2024-01-28 18:00:00,0.4293695
2024-01-28 19:00:00,3.0981991
2024-01-28 20:00:00,3.7600138
2024-01-28 21:00:00,5.0671535
2024-01-28 22:00:00,10.813365
2024-01-28 23:00:00,15.719814
2024-01-29 00:00:00,27.453585
2024-01-29 01:00:00,17.736437
2024-01-29 02:00:00,24.716724
2024-01-29 03:00:00,27.396809
2024-01-29 04:00:00,21.60965
2024-01-29 05:00:00,19.542246
2024-01-29 06:00:00,21.595045
2024-01-29 07:00:00,16.238148
2024-01-29 08:00:00,6.034109
2024-01-29 09:00:00,5.305856
2024-01-29 10:00:00,3.0103152
2024-01-29 11:00:00,2.9120913
2024-01-29 12:00:00,3.2668977
2024-01-29 13:00:00,2.2062285
2024-01-29 14:00:00,2.6628067
2024-01-29 15:00:00,1.2081513
2024-01-29 16:00:00,0.5488633
2024-01-29 17:00:00,-0.05873388
2024-01-29 18:00:00,0.48873234
2024-01-29 19:00:00,1.0286033
2024-01-29 20:00:00,6.080447
2024-01-29 21:00:00,11.852561
2024-01-29 22:00:00,13.948154
2024-01-29 23:00:00,18.552294
2024-01-30 00:00:00,33.73377
2024-01-30 01:00:00,44.227535
2024-01-30 02:00:00,41.280266
2024-01-30 03:00:00,50.235577
2024-01-30 04:00:00,37.65377
2024-01-30 05:00:00,45.87286
2024-01-30 06:00:00,45.756
2024-01-30 07:00:00,45.325138
2024-01-30 08:00:00,49.63062
2024-01-30 09:00:00,45.89015
2024-01-30 10:00:00,35.741554
2024-01-30 11:00:00,33.442905
2024-01-30 12:00:00,23.144234
2024-01-30 13:00:00,18.501543
2024-01-30 14:00:00,25.630064
2024-01-30 15:00:00,15.69421
2024-01-30 16:00:00,7.864962
2024-01-30 17:00:00,2.8340187
2024-01-30 18:00:00,3.7289762
2024-01-30 19:00:00,10.40263
2024-01-30 20:00:00,16.110529
2024-01-30 21:00:00,13.189304
2024-01-30 22:00:00,13.420202
2024-01-30 23:00:00,10.887754
2024-01-31 00:00:00,25.438713
2024-01-31 01:00:00,44.090794
2024-01-31 02:00:00,37.506725
2024-01-31 03:00:00,45.30416
2024-01-31 04:00:00,44.094437
2024-01-31 05:00:00,46.725384
2024-01-31 06:00:00,43.187492
2024-01-31 07:00:00,47.297188
2024-01-31 08:00:00,53.35019
2024-01-31 09:00:00,37.892994
2024-01-31 10:00:00,37.73333
2024-01-31 11:00:00,32.50617
2024-01-31 12:00:00,36.252148
2024-01-31 13:00:00,45.40375
2024-01-31 14:00:00,44.099545
2024-01-31 15:00:00,33.29184
2024-01-31 16:00:00,18.551435
2024-01-31 17:00:00,20.369074
2024-01-31 18:00:00,15.01837
2024-01-31 19:00:00,11.823599
2024-01-31 20:00:00,6.7095013
2024-01-31 21:00:00,6.444937
2024-01-31 22:00:00,8.672727
2024-01-31 23:00:00,6.930483
2024-02-01 00:00:00,12.966415
2024-02-01 01:00:00,6.4503036
2024-02-01 02:00:00,14.083445
2024-02-01 03:00:00,3.202521
2024-02-01 04:00:00,19.858175
2024-02-01 05:00:00,18.210777
2024-02-01 06:00:00,6.1501346
2024-02-01 07:00:00,14.342581
2024-02-01 08:00:00,2.2110627
2024-02-01 09:00:00,2.0259564
2024-02-01 10:00:00,6.174779
2024-02-01 11:00:00,12.376576
2024-02-01 12:00:00,8.90614
2024-02-01 13:00:00,12.978007
2024-02-01 14:00:00,13.049171
2024-02-01 15:00:00,21.039774
2024-02-01 16:00:00,4.0316806
2024-02-01 17:00:00,6.294859
2024-02-01 18:00:00,6.430371
2024-02-01 19:00:00,4.123296
2024-02-01 20:00:00,5.5116854
2024-02-01 21:00:00,5.3050914
2024-02-01 22:00:00,4.5468674
2024-02-01 23:00:00,6.454613
2024-02-02 00:00:00,17.816383
2024-02-02 01:00:00,33.393997
2024-02-02 02:00:00,37.255993
2024-02-02 03:00:00,50.18451
2024-02-02 04:00:00,54.22705
2024-02-02 05:00:00,49.456966
2024-02-02 06:00:00,30.319077
2024-02-02 07:00:00,24.827211
2024-02-02 08:00:00,32.504898
2024-02-02 09:00:00,33.539658
2024-02-02 10:00:00,29.571268
2024-02-02 11:00:00,32.72369
2024-02-02 12:00:00,31.980667
2024-02-02 13:00:00,44.771984
2024-02-02 14:00:00,52.28475
2024-02-02 15:00:00,50.66804
2024-02-02 16:00:00,46.15195
2024-02-02 17:00:00,30.97685
2024-02-02 18:00:00,32.892998
2024-02-02 19:00:00,35.779793
2024-02-02 20:00:00,30.193848
2024-02-02 21:00:00,24.745836
2024-02-02 22:00:00,17.53899
2024-02-02 23:00:00,22.8199
2024-02-03 00:00:00,36.897083
2024-02-03 01:00:00,24.56524
2024-02-03 02:00:00,38.36312
2024-02-03 03:00:00,38.716625
2024-02-03 04:00:00,38.116108
2024-02-03 05:00:00,44.782227
2024-02-03 06:00:00,32.25181
2024-02-03 07:00:00,26.74308
2024-02-03 08:00:00,28.862196
2024-02-03 09:00:00,19.674387
2024-02-03 10:00:00,32.045906
2024-02-03 11:00:00,34.750195
2024-02-03 12:00:00,23.93836
2024-02-03 13:00:00,18.222767
2024-02-03 14:00:00,19.739838
2024-02-03 15:00:00,13.085587
2024-02-03 16:00:00,15.48459
2024-02-03 17:00:00,4.9068136
2024-02-03 18:00:00,3.2245612
2024-02-03 19:00:00,15.034285
2024-02-03 20:00:00,16.28933
2024-02-03 21:00:00,9.950938
2024-02-03 22:00:00,7.064028
2024-02-03 23:00:00,8.973823
2024-02-04 00:00:00,10.60574
2024-02-04 01:00:00,15.24979
2024-02-04 02:00:00,4.1092734
2024-02-04 03:00:00,10.469106
2024-02-04 04:00:00,12.107476
2024-02-04 05:00:00,12.882126
2024-02-04 06:00:00,10.528128
2024-02-04 07:00:00,9.377622
2024-02-04 08:00:00,9.021632
2024-02-04 09:00:00,9.361469
2024-02-04 10:00:00,19.596613
2024-02-04 11:00:00,21.106972
2024-02-04 12:00:00,15.147124
2024-02-04 13:00:00,20.555689
2024-02-04 14:00:00,24.699959
2024-02-04 15:00:00,20.391802
2024-02-04 16:00:00,5.7612414
2024-02-04 17:00:00,13.92142
2024-02-04 18:00:00,5.2774663
2024-02-04 19:00:00,8.947471
2024-02-04 20:00:00,3.761209
2024-02-04 21:00:00,10.066109
2024-02-04 22:00:00,11.585566
2024-02-04 23:00:00,12.064194
2024-02-05 00:00:00,18.293692
2024-02-05 01:00:00,23.732798
2024-02-05 02:00:00,17.608818
2024-02-05 03:00:00,21.45354
2024-02-05 04:00:00,29.9165
2024-02-05 05:00:00,21.17825
2024-02-05 06:00:00,36.06269
2024-02-05 07:00:00,33.70381
2024-02-05 08:00:00,35.407116
2024-02-05 09:00:00,20.526669
2024-02-05 10:00:00,4.2501345
2024-02-05 11:00:00,3.3154702
2024-02-05 12:00:00,2.3766074
2024-02-05 13:00:00,15.33217
2024-02-05 14:00:00,13.828667
2024-02-05 15:00:00,1.9536929
2024-02-05 16:00:00,0.79656386
2024-02-05 17:00:00,0.25525135
2024-02-05 18:00:00,1.2153969
2024-02-05 19:00:00,0.6525552
2024-02-05 20:00:00,2.5621467
2024-02-05 21:00:00,0.6601651
2024-02-05 22:00:00,1.0183492
2024-02-05 23:00:00,1.5864167
2024-02-06 00:00:00,6.7645326
2024-02-06 01:00:00,5.3695908
2024-02-06 02:00:00,8.786748
2024-02-06 03:00:00,12.603845
2024-02-06 04:00:00,7.384798
2024-02-06 05:00:00,5.637679
2024-02-06 06:00:00,4.1036353
2024-02-06 07:00:00,5.506331
2024-02-06 08:00:00,7.9011846
2024-02-06 09:00:00,6.3691835
2024-02-06 10:00:00,4.4262457
2024-02-06 11:00:00,4.965159
2024-02-06 12:00:00,4.743531
2024-02-06 13:00:00,2.6975532
2024-02-06 14:00:00,1.5351125
2024-02-06 15:00:00,0.86520827
2024-02-06 16:00:00,-0.16881472
2024-02-06 17:00:00,0.015557289
2024-02-06 18:00:00,0.8638538
2024-02-06 19:00:00,0.5225038
2024-02-06 20:00:00,0.7179993
2024-02-06 21:00:00,1.1066346
2024-02-06 22:00:00,0.59554625
2024-02-06 23:00:00,1.91818
2024-02-07 00:00:00,7.671911
2024-02-07 01:00:00,10.521972
2024-02-07 02:00:00,13.833218
2024-02-07 03:00:00,18.574957
2024-02-07 04:00:00,24.060907
2024-02-07 05:00:00,13.811995
2024-02-07 06:00:00,6.321975
2024-02-07 07:00:00,11.62011
2024-02-07 08:00:00,15.04676
2024-02-07 09:00:00,26.238611
2024-02-07 10:00:00,20.468113
2024-02-07 11:00:00,2.6189764
2024-02-07 12:00:00,21.125517
2024-02-07 13:00:00,36.783535
2024-02-07 14:00:00,23.565722
2024-02-07 15:00:00,18.168358
2024-02-07 16:00:00,5.9318013
2024-02-07 17:00:00,11.426231
2024-02-07 18:00:00,12.918058
2024-02-07 19:00:00,15.183963
2024-02-07 20:00:00,10.183762
2024-02-07 21:00:00,18.311407
2024-02-07 22:00:00,14.565319
2024-02-07 23:00:00,14.232166
2024-02-08 00:00:00,20.80465
2024-02-08 01:00:00,30.051731
2024-02-08 02:00:00,46.023365
2024-02-08 03:00:00,39.248783
2024-02-08 04:00:00,35.004765
2024-02-08 05:00:00,35.318035
2024-02-08 06:00:00,36.066357
2024-02-08 07:00:00,37.57131
2024-02-08 08:00:00,34.074238
2024-02-08 09:00:00,33.21432
2024-02-08 10:00:00,31.82859
2024-02-08 11:00:00,24.747622
2024-02-08 12:00:00,21.697407
2024-02-08 13:00:00,21.41306
2024-02-08 14:00:00,18.114725
2024-02-08 15:00:00,2.4514472
2024-02-08 16:00:00,1.3771815
2024-02-08 17:00:00,0.8385191
2024-02-08 18:00:00,0.11862683
2024-02-08 19:00:00,-0.006226182
2024-02-08 20:00:00,-0.019474208
2024-02-08 21:00:00,0.040443838
2024-02-08 22:00:00,0.1920748
2024-02-08 23:00:00,0.45066544
2024-02-09 00:00:00,0.33524197
2024-02-09 01:00:00,7.3391623
2024-02-09 02:00:00,2.3207555
2024-02-09 03:00:00,2.068379
2024-02-09 04:00:00,1.820019
2024-02-09 05:00:00,1.1241329
2024-02-09 06:00:00,0.21374881
2024-02-09 07:00:00,1.1084101
2024-02-09 08:00:00,2.765471
2024-02-09 09:00:00,1.5467279
2024-02-09 10:00:00,0.6076197
2024-02-09 11:00:00,0.15612927
2024-02-09 12:00:00,0.100773305
2024-02-09 13:00:00,-0.03553021
2024-02-09 14:00:00,-0.027849674
2024-02-09 15:00:00,-0.09750402
2024-02-09 16:00:00,-0.10987264
2024-02-09 17:00:00,0.07533598
2024-02-09 18:00:00,0.35006335
2024-02-09 19:00:00,0.24879023
2024-02-09 20:00:00,0.7545196
2024-02-09 21:00:00,7.039399
2024-02-09 22:00:00,6.124291
2024-02-09 23:00:00,2.0472326
2024-02-10 00:00:00,9.184124
2024-02-10 01:00:00,8.528572
2024-02-10 02:00:00,5.9576964
2024-02-10 03:00:00,4.4995866
2024-02-10 04:00:00,7.35171
2024-02-10 05:00:00,8.897617
2024-02-10 06:00:00,7.633292
2024-02-10 07:00:00,6.968249
2024-02-10 08:00:00,15.692327
2024-02-10 09:00:00,7.7243247
2024-02-10 10:00:00,38.39934
2024-02-10 11:00:00,56.85227
2024-02-10 12:00:00,58.654682
2024-02-10 13:00:00,59.381207
2024-02-10 14:00:00,57.57759
2024-02-10 15:00:00,56.47179
2024-02-10 16:00:00,55.18035
2024-02-10 17:00:00,57.24189
2024-02-10 18:00:00,54.470974
2024-02-10 19:00:00,47.952927
2024-02-10 20:00:00,52.61814
2024-02-10 21:00:00,50.509933
2024-02-10 22:00:00,55.11376
2024-02-10 23:00:00,53.053513
2024-02-11 00:00:00,44.877056
2024-02-11 01:00:00,49.257328
2024-02-11 02:00:00,26.207218
2024-02-11 03:00:00,43.635334
2024-02-11 04:00:00,37.140846
2024-02-11 05:00:00,33.92995
2024-02-11 06:00:00,25.276834
2024-02-11 07:00:00,24.946186
2024-02-11 08:00:00,28.899614
2024-02-11 09:00:00,21.558428
2024-02-11 10:00:00,11.167363
2024-02-11 11:00:00,14.029382
2024-02-11 12:00:00,20.5853
2024-02-11 13:00:00,16.405922
2024-02-11 14:00:00,3.3549426
2024-02-11 15:00:00,11.494381
2024-02-11 16:00:00,2.5780623
2024-02-11 17:00:00,1.9139845
2024-02-11 18:00:00,2.7293403
2024-02-11 19:00:00,2.6554897
2024-02-11 20:00:00,2.257336
2024-02-11 21:00:00,1.3413965
2024-02-11 22:00:00,2.0184755
2024-02-11 23:00:00,4.374976
2024-02-12 00:00:00,9.498005
2024-02-12 01:00:00,14.48357
2024-02-12 02:00:00,6.2749805
2024-02-12 03:00:00,9.847831
2024-02-12 04:00:00,14.578606
2024-02-12 05:00:00,14.773667
2024-02-12 06:00:00,9.740767
2024-02-12 07:00:00,2.571776
2024-02-12 08:00:00,5.189881
2024-02-12 09:00:00,3.6720843
2024-02-12 10:00:00,2.646503
2024-02-12 11:00:00,1.0595284
2024-02-12 12:00:00,0.38530144
2024-02-12 13:00:00,0.1234653
2024-02-12 14:00:00,0.40804756
2024-02-12 15:00:00,0.5218902
2024-02-12 16:00:00,0.014505327
2024-02-12 17:00:00,0.16677713
2024-02-12 18:00:00,0.247311
2024-02-12 19:00:00,0.19431922
2024-02-12 20:00:00,0.6323635
2024-02-12 21:00:00,2.3289742
2024-02-12 22:00:00,9.133522
2024-02-12 23:00:00,8.038102
2024-02-13 00:00:00,11.101088
2024-02-13 01:00:00,16.795399
2024-02-13 02:00:00,7.546168
2024-02-13 03:00:00,16.674896
2024-02-13 04:00:00,22.974012
2024-02-13 05:00:00,6.254037
2024-02-13 06:00:00,31.26869
2024-02-13 07:00:00,15.456915
2024-02-13 08:00:00,20.251375
2024-02-13 09:00:00,16.349638
2024-02-13 10:00:00,26.763432
2024-02-13 11:00:00,21.483345
2024-02-13 12:00:00,7.749898
2024-02-13 13:00:00,10.378824
2024-02-13 14:00:00,6.6455984
2024-02-13 15:00:00,8.903757
2024-02-13 16:00:00,6.994162
2024-02-13 17:00:00,4.2383842
2024-02-13 18:00:00,0.86948246
2024-02-13 19:00:00,0.23112077
2024-02-13 20:00:00,-0.018232048
2024-02-13 21:00:00,0.060801685
2024-02-13 22:00:00,0.1277782
2024-02-13 23:00:00,0.12705126
2024-02-14 00:00:00,0.051087976
2024-02-14 01:00:00,0.30024758
2024-02-14 02:00:00,0.08491701
2024-02-14 03:00:00,0.44038522
2024-02-14 04:00:00,0.25378045
2024-02-14 05:00:00,0.039173365
2024-02-14 06:00:00,0.20537665
2024-02-14 07:00:00,0.18055978
2024-02-14 08:00:00,1.2908711
2024-02-14 09:00:00,1.6387362
2024-02-14 10:00:00,3.0859
2024-02-14 11:00:00,2.035313
2024-02-14 12:00:00,4.6635604
2024-02-14 13:00:00,2.4313037
2024-02-14 14:00:00,4.237545
2024-02-14 15:00:00,4.268859
2024-02-14 16:00:00,9.89617
2024-02-14 17:00:00,2.158301
2024-02-14 18:00:00,1.1252712
2024-02-14 19:00:00,1.015838
2024-02-14 20:00:00,2.0123606
2024-02-14 21:00:00,6.230149
2024-02-14 22:00:00,5.2821712
2024-02-14 23:00:00,2.6102204
2024-02-15 00:00:00,11.689279
2024-02-15 01:00:00,29.278414
2024-02-15 02:00:00,50.281887
2024-02-15 03:00:00,34.958893
2024-02-15 04:00:00,19.898563
2024-02-15 05:00:00,2.8989203
2024-02-15 06:00:00,17.316353
2024-02-15 07:00:00,1.5625081
2024-02-15 08:00:00,38.12671
2024-02-15 09:00:00,44.495132
2024-02-15 10:00:00,41.90769
2024-02-15 11:00:00,33.691135
2024-02-15 12:00:00,4.6618695
2024-02-15 13:00:00,2.7021136
2024-02-15 14:00:00,15.267677
2024-02-15 15:00:00,17.027716
2024-02-15 16:00:00,22.985605
2024-02-15 17:00:00,5.8790083
2024-02-15 18:00:00,8.431681
2024-02-15 19:00:00,5.188511
2024-02-15 20:00:00,4.4571695
2024-02-15 21:00:00,11.906039
2024-02-15 22:00:00,7.001876
2024-02-15 23:00:00,13.149848
2024-02-16 00:00:00,17.449215
2024-02-16 01:00:00,36.385807
2024-02-16 02:00:00,30.515387
2024-02-16 03:00:00,27.857836
2024-02-16 04:00:00,26.685686
2024-02-16 05:00:00,23.76761
2024-02-16 06:00:00,28.57465
2024-02-16 07:00:00,24.985106
2024-02-16 08:00:00,13.766971
2024-02-16 09:00:00,30.321463
2024-02-16 10:00:00,20.526228
2024-02-16 11:00:00,35.095528
2024-02-16 12:00:00,25.008368
2024-02-16 13:00:00,34.748085
2024-02-16 14:00:00,49.116547
2024-02-16 15:00:00,19.325758
2024-02-16 16:00:00,18.233255
2024-02-16 17:00:00,5.2661767
2024-02-16 18:00:00,2.2016408
2024-02-16 19:00:00,1.1130275
2024-02-16 20:00:00,1.0461594
2024-02-16 21:00:00,0.8255739
2024-02-16 22:00:00,1.2876692
2024-02-16 23:00:00,1.0736754
2024-02-17 00:00:00,2.7385814
2024-02-17 01:00:00,19.459404
2024-02-17 02:00:00,20.437128
2024-02-17 03:00:00,35.703632
2024-02-17 04:00:00,27.395632
2024-02-17 05:00:00,21.578203
2024-02-17 06:00:00,7.8227587
2024-02-17 07:00:00,3.0577464
2024-02-17 08:00:00,0.71767545
2024-02-17 09:00:00,0.23780829
2024-02-17 10:00:00,0.27044567
2024-02-17 11:00:00,2.452883
2024-02-17 12:00:00,0.5902732
2024-02-17 13:00:00,0.12849984
2024-02-17 14:00:00,0.25495437
2024-02-17 15:00:00,1.7210615
2024-02-17 16:00:00,-0.12263107
2024-02-17 17:00:00,0.30499738
2024-02-17 18:00:00,2.2796211
2024-02-17 19:00:00,1.4502264
2024-02-17 20:00:00,5.966607
2024-02-17 21:00:00,0.58747894
2024-02-17 22:00:00,2.3302174
2024-02-17 23:00:00,0.5983773
2024-02-18 00:00:00,19.972174
2024-02-18 01:00:00,21.095882
2024-02-18 02:00:00,6.7308073
2024-02-18 03:00:00,5.006933
2024-02-18 04:00:00,5.9797707
2024-02-18 05:00:00,17.976578
2024-02-18 06:00:00,4.9948525
2024-02-18 07:00:00,38.722458
2024-02-18 08:00:00,35.05937
2024-02-18 09:00:00,34.974483
2024-02-18 10:00:00,32.07847
2024-02-18 11:00:00,32.069317
2024-02-18 12:00:00,29.970331
2024-02-18 13:00:00,43.580917
2024-02-18 14:00:00,45.711094
2024-02-18 15:00:00,45.868423
2024-02-18 16:00:00,41.779823
2024-02-18 17:00:00,47.03044
2024-02-18 18:00:00,54.034477
2024-02-18 19:00:00,53.03186
2024-02-18 20:00:00,52.468227
2024-02-18 21:00:00,49.2381
2024-02-18 22:00:00,47.04909
2024-02-18 23:00:00,46.402096
2024-02-19 00:00:00,29.924639
2024-02-19 01:00:00,44.032288
2024-02-19 02:00:00,31.444601
2024-02-19 03:00:00,37.865536
2024-02-19 04:00:00,38.998856
2024-02-19 05:00:00,40.406113
2024-02-19 06:00:00,33.07957
2024-02-19 07:00:00,25.793741
2024-02-19 08:00:00,33.29258
2024-02-19 09:00:00,17.458912
2024-02-19 10:00:00,6.5454946
2024-02-19 11:00:00,11.688934
2024-02-19 12:00:00,15.878502
2024-02-19 13:00:00,11.205264
2024-02-19 14:00:00,4.1810365
2024-02-19 15:00:00,1.5507331
2024-02-19 16:00:00,0.17593616
2024-02-19 17:00:00,0.20368758
2024-02-19 18:00:00,0.18203425
2024-02-19 19:00:00,0.3620238
2024-02-19 20:00:00,0.23443586
2024-02-19 21:00:00,2.075823
2024-02-19 22:00:00,1.5784018
2024-02-19 23:00:00,3.314158
2024-02-20 00:00:00,7.104221
2024-02-20 01:00:00,19.696
2024-02-20 02:00:00,44.055836
2024-02-20 03:00:00,47.897396
2024-02-20 04:00:00,32.892532
2024-02-20 05:00:00,50.52834
2024-02-20 06:00:00,57.898933
2024-02-20 07:00:00,57.23598
2024-02-20 08:00:00,59.08066
2024-02-20 09:00:00,58.517452
2024-02-20 10:00:00,56.96567
2024-02-20 11:00:00,55.99169
2024-02-20 12:00:00,44.94211
2024-02-20 13:00:00,45.858128
2024-02-20 14:00:00,49.442314
2024-02-20 15:00:00,48.252834
2024-02-20 16:00:00,31.00294
2024-02-20 17:00:00,23.226168
2024-02-20 18:00:00,22.144114
2024-02-20 19:00:00,24.021505
2024-02-20 20:00:00,26.887743
2024-02-20 21:00:00,40.916065
2024-02-20 22:00:00,30.468714
2024-02-20 23:00:00,36.111057
2024-02-21 00:00:00,23.002737
2024-02-21 01:00:00,38.267548
2024-02-21 02:00:00,20.12551
2024-02-21 03:00:00,30.415472
2024-02-21 04:00:00,49.415573
2024-02-21 05:00:00,21.913336
2024-02-21 06:00:00,21.653177
2024-02-21 07:00:00,16.493662
2024-02-21 08:00:00,20.585897
2024-02-21 09:00:00,21.16477
2024-02-21 10:00:00,21.46003
2024-02-21 11:00:00,31.758333
2024-02-21 12:00:00,31.477856
2024-02-21 13:00:00,28.387133
2024-02-21 14:00:00,22.828878
2024-02-21 15:00:00,33.393967
2024-02-21 16:00:00,17.128256
2024-02-21 17:00:00,21.065092
2024-02-21 18:00:00,20.099731
2024-02-21 19:00:00,44.206078
2024-02-21 20:00:00,19.90729
2024-02-21 21:00:00,44.67926
2024-02-21 22:00:00,45.52636
2024-02-21 23:00:00,42.38769
2024-02-22 00:00:00,28.393164
2024-02-22 01:00:00,43.460777
2024-02-22 02:00:00,39.348133
2024-02-22 03:00:00,49.35016
2024-02-22 04:00:00,48.819557
2024-02-22 05:00:00,48.532745
2024-02-22 06:00:00,45.762848
2024-02-22 07:00:00,32.716576
2024-02-22 08:00:00,32.109535
2024-02-22 09:00:00,20.353506
2024-02-22 10:00:00,9.682258
2024-02-22 11:00:00,10.319916
2024-02-22 12:00:00,12.694681
2024-02-22 13:00:00,8.291789
2024-02-22 14:00:00,11.403039
2024-02-22 15:00:00,19.22289
2024-02-22 16:00:00,34.006374
2024-02-22 17:00:00,27.412394
2024-02-22 18:00:00,37.132725
2024-02-22 19:00:00,42.532475
2024-02-22 20:00:00,53.392906
2024-02-22 21:00:00,56.4159
2024-02-22 22:00:00,56.7238
2024-02-22 23:00:00,57.009014
2024-02-23 00:00:00,54.43134
2024-02-23 01:00:00,56.634777
2024-02-23 02:00:00,55.92484
2024-02-23 03:00:00,57.130653
2024-02-23 04:00:00,57.92472
2024-02-23 05:00:00,56.814655
2024-02-23 06:00:00,56.50383
2024-02-23 07:00:00,52.880955
2024-02-23 08:00:00,56.387657
2024-02-23 09:00:00,51.25523
2024-02-23 10:00:00,52.393093
2024-02-23 11:00:00,48.769817
2024-02-23 12:00:00,47.866783
2024-02-23 13:00:00,40.014805
2024-02-23 14:00:00,48.40312
2024-02-23 15:00:00,39.63097
2024-02-23 16:00:00,44.894184
2024-02-23 17:00:00,36.580135
2024-02-23 18:00:00,44.319626
2024-02-23 19:00:00,48.81126
2024-02-23 20:00:00,50.25134
2024-02-23 21:00:00,51.767593
2024-02-23 22:00:00,54.084427
2024-02-23 23:00:00,54.06661
2024-02-24 00:00:00,55.589714
2024-02-24 01:00:00,36.4762
2024-02-24 02:00:00,47.03945
2024-02-24 03:00:00,47.352356
2024-02-24 04:00:00,54.530167
2024-02-24 05:00:00,46.886723
2024-02-24 06:00:00,52.01606
2024-02-24 07:00:00,51.35131
2024-02-24 08:00:00,41.950375
2024-02-24 09:00:00,33.784824
2024-02-24 10:00:00,26.002968
2024-02-24 11:00:00,11.229024
2024-02-24 12:00:00,8.916247
2024-02-24 13:00:00,10.313854
2024-02-24 14:00:00,12.454735
2024-02-24 15:00:00,2.0047553
2024-02-24 16:00:00,2.648828
2024-02-24 17:00:00,16.016449
2024-02-24 18:00:00,18.166431
2024-02-24 19:00:00,22.616653
2024-02-24 20:00:00,27.932287
2024-02-24 21:00:00,27.625586
2024-02-24 22:00:00,26.059675
2024-02-24 23:00:00,25.171755
2024-02-25 00:00:00,17.964878
2024-02-25 01:00:00,28.228312
2024-02-25 02:00:00,22.902517
2024-02-25 03:00:00,29.970316
2024-02-25 04:00:00,28.167511
2024-02-25 05:00:00,16.249435
2024-02-25 06:00:00,13.57194
2024-02-25 07:00:00,11.74562
2024-02-25 08:00:00,9.756048
2024-02-25 09:00:00,1.9253266
2024-02-25 10:00:00,9.903769
2024-02-25 11:00:00,17.322153
2024-02-25 12:00:00,19.52738
2024-02-25 13:00:00,38.568836
2024-02-25 14:00:00,39.95987
2024-02-25 15:00:00,13.35673
2024-02-25 16:00:00,7.2597256
2024-02-25 17:00:00,10.567188
2024-02-25 18:00:00,5.1014495
2024-02-25 19:00:00,8.609329
2024-02-25 20:00:00,10.360717
2024-02-25 21:00:00,8.85991
2024-02-25 22:00:00,12.537166
2024-02-25 23:00:00,16.70517
2024-02-26 00:00:00,13.580226
2024-02-26 01:00:00,29.539865
2024-02-26 02:00:00,34.085075
2024-02-26 03:00:00,43.439587
2024-02-26 04:00:00,39.010384
2024-02-26 05:00:00,44.449806
2024-02-26 06:00:00,41.427387
2024-02-26 07:00:00,34.902325
2024-02-26 08:00:00,38.907528
2024-02-26 09:00:00,40.417515
2024-02-26 10:00:00,37.408417
2024-02-26 11:00:00,21.142374
2024-02-26 12:00:00,14.507292
2024-02-26 13:00:00,4.256561
2024-02-26 14:00:00,0.5605033
2024-02-26 15:00:00,0.23508781
2024-02-26 16:00:00,0.046697736
2024-02-26 17:00:00,0.23578358
2024-02-26 18:00:00,0.009806335
2024-02-26 19:00:00,0.07447493
2024-02-26 20:00:00,0.2077049
2024-02-26 21:00:00,0.012993276
2024-02-26 22:00:00,-0.15983456
2024-02-26 23:00:00,0.19901988
2024-02-27 00:00:00,0.37903437
2024-02-27 01:00:00,5.1661024
2024-02-27 02:00:00,5.3795004
2024-02-27 03:00:00,2.1709814
2024-02-27 04:00:00,10.300439
2024-02-27 05:00:00,15.7856865
2024-02-27 06:00:00,10.021819
2024-02-27 07:00:00,5.2047677
2024-02-27 08:00:00,12.543431
2024-02-27 09:00:00,19.359123
2024-02-27 10:00:00,12.381426
2024-02-27 11:00:00,20.08262
2024-02-27 12:00:00,17.567724
2024-02-27 13:00:00,22.858038
2024-02-27 14:00:00,42.694542
2024-02-27 15:00:00,31.494184
2024-02-27 16:00:00,21.269495
2024-02-27 17:00:00,22.361933
2024-02-27 18:00:00,20.090506
2024-02-27 19:00:00,10.7432575
2024-02-27 20:00:00,3.1810462
2024-02-27 21:00:00,12.203199
2024-02-27 22:00:00,9.919266
2024-02-27 23:00:00,16.91488
2024-02-28 00:00:00,17.27764
2024-02-28 01:00:00,24.226797
2024-02-28 02:00:00,30.951773
2024-02-28 03:00:00,43.494755
2024-02-28 04:00:00,34.941353
2024-02-28 05:00:00,46.493626
2024-02-28 06:00:00,36.914223
2024-02-28 07:00:00,47.512527
2024-02-28 08:00:00,35.192955
2024-02-28 09:00:00,39.74339
2024-02-28 10:00:00,44.75381
2024-02-28 11:00:00,28.785383
2024-02-28 12:00:00,42.069687
2024-02-28 13:00:00,22.329914
2024-02-28 14:00:00,41.31192
2024-02-28 15:00:00,49.59699
2024-02-28 16:00:00,44.50628
2024-02-28 17:00:00,49.62536
2024-02-28 18:00:00,54.035885
2024-02-28 19:00:00,55.393078
2024-02-28 20:00:00,57.503788
2024-02-28 21:00:00,51.91798
2024-02-28 22:00:00,53.103813
2024-02-28 23:00:00,30.758207
2024-02-29 00:00:00,49.936447
2024-02-29 01:00:00,44.32718
2024-02-29 02:00:00,20.377047
2024-02-29 03:00:00,43.25766
2024-02-29 04:00:00,41.410866
2024-02-29 05:00:00,35.693226
2024-02-29 06:00:00,17.570086
2024-02-29 07:00:00,22.776371
2024-02-29 08:00:00,19.782152
2024-02-29 09:00:00,17.714613
2024-02-29 10:00:00,27.155844
2024-02-29 11:00:00,14.213482
2024-02-29 12:00:00,10.389507
2024-02-29 13:00:00,4.839439
2024-02-29 14:00:00,4.570742
2024-02-29 15:00:00,-0.0877797
2024-02-29 16:00:00,-0.065268695
2024-02-29 17:00:00,0.2011162
2024-02-29 18:00:00,0.09651807
2024-02-29 19:00:00,0.24784979
2024-02-29 20:00:00,-0.03157842
2024-02-29 21:00:00,0.27348614
2024-02-29 22:00:00,0.90798646
2024-02-29 23:00:00,0.9371289
2024-03-01 00:00:00,10.516822
2024-03-01 01:00:00,8.862638
2024-03-01 02:00:00,8.741103
2024-03-01 03:00:00,21.695047
2024-03-01 04:00:00,31.384064
2024-03-01 05:00:00,29.032467
2024-03-01 06:00:00,30.18876
2024-03-01 07:00:00,42.77535
2024-03-01 08:00:00,49.206707
2024-03-01 09:00:00,36.20399
2024-03-01 10:00:00,45.632973
2024-03-01 11:00:00,26.405836
2024-03-01 12:00:00,17.15741
2024-03-01 13:00:00,36.35082
2024-03-01 14:00:00,23.248043
2024-03-01 15:00:00,46.101696
2024-03-01 16:00:00,52.826805
2024-03-01 17:00:00,54.252865
2024-03-01 18:00:00,56.280582
2024-03-01 19:00:00,56.736835
2024-03-01 20:00:00,55.469345
2024-03-01 21:00:00,58.67099
2024-03-01 22:00:00,57.668194
2024-03-01 23:00:00,56.766125
2024-03-02 00:00:00,55.69551
2024-03-02 01:00:00,52.021454
2024-03-02 02:00:00,56.754616
2024-03-02 03:00:00,54.658405
2024-03-02 04:00:00,50.17248
2024-03-02 05:00:00,55.314663
2024-03-02 06:00:00,48.49056
2024-03-02 07:00:00,51.468525
2024-03-02 08:00:00,40.092846
2024-03-02 09:00:00,43.93832
2024-03-02 10:00:00,52.308586
2024-03-02 11:00:00,38.063095
2024-03-02 12:00:00,51.195427
2024-03-02 13:00:00,48.238873
2024-03-02 14:00:00,38.192207
2024-03-02 15:00:00,20.37664
2024-03-02 16:00:00,18.182116
2024-03-02 17:00:00,11.376499
2024-03-02 18:00:00,9.372014
2024-03-02 19:00:00,10.370115
2024-03-02 20:00:00,8.128945
2024-03-02 21:00:00,7.818022
2024-03-02 22:00:00,5.83667
2024-03-02 23:00:00,12.874039
2024-03-03 00:00:00,19.122253
2024-03-03 01:00:00,23.007658
2024-03-03 02:00:00,45.05356
2024-03-03 03:00:00,50.875343
2024-03-03 04:00:00,55.25108
2024-03-03 05:00:00,44.10986
2024-03-03 06:00:00,51.465946
2024-03-03 07:00:00,54.1542
2024-03-03 08:00:00,55.569202
2024-03-03 09:00:00,46.826366
2024-03-03 10:00:00,32.248386
2024-03-03 11:00:00,33.213062
2024-03-03 12:00:00,17.616264
2024-03-03 13:00:00,2.5623553
2024-03-03 14:00:00,0.72331315
2024-03-03 15:00:00,0.29952288
2024-03-03 16:00:00,-0.02332735
2024-03-03 17:00:00,9.381947
2024-03-03 18:00:00,22.424084
2024-03-03 19:00:00,46.57198
2024-03-03 20:00:00,51.620617
2024-03-03 21:00:00,53.306343
2024-03-03 22:00:00,50.93859
2024-03-03 23:00:00,30.669395
2024-03-04 00:00:00,28.360905
2024-03-04 01:00:00,30.121286
2024-03-04 02:00:00,41.2807
2024-03-04 03:00:00,50.814945
2024-03-04 04:00:00,57.220318
2024-03-04 05:00:00,58.72211
2024-03-04 06:00:00,59.29042
2024-03-04 07:00:00,57.504005
2024-03-04 08:00:00,56.870804
2024-03-04 09:00:00,56.481857
2024-03-04 10:00:00,57.39497
2024-03-04 11:00:00,53.64353
2024-03-04 12:00:00,57.973694
2024-03-04 13:00:00,55.79494
2024-03-04 14:00:00,55.4746
2024-03-04 15:00:00,33.944973
2024-03-04 16:00:00,31.765959
2024-03-04 17:00:00,28.410461
2024-03-04 18:00:00,21.238935
2024-03-04 19:00:00,16.312077
2024-03-04 20:00:00,12.838387
2024-03-04 21:00:00,9.296053
2024-03-04 22:00:00,4.6468587
2024-03-04 23:00:00,3.0554316
2024-03-05 00:00:00,0.9521167
2024-03-05 01:00:00,5.05862
2024-03-05 02:00:00,3.940017
2024-03-05 03:00:00,10.092523
2024-03-05 04:00:00,12.96577
2024-03-05 05:00:00,6.8448496
2024-03-05 06:00:00,17.999083
2024-03-05 07:00:00,24.331884
2024-03-05 08:00:00,40.49683
2024-03-05 09:00:00,42.353962
2024-03-05 10:00:00,42.020607
2024-03-05 11:00:00,49.76265
2024-03-05 12:00:00,56.153637
2024-03-05 13:00:00,58.53604
2024-03-05 14:00:00,59.175232
2024-03-05 15:00:00,39.9726
2024-03-05 16:00:00,29.514452
2024-03-05 17:00:00,24.438936
2024-03-05 18:00:00,22.680494
2024-03-05 19:00:00,23.870062
2024-03-05 20:00:00,26.66333
2024-03-05 21:00:00,27.84614
2024-03-05 22:00:00,30.186426
2024-03-05 23:00:00,36.53995
2024-03-06 00:00:00,37.400627
2024-03-06 01:00:00,46.211502
2024-03-06 02:00:00,54.2041
2024-03-06 03:00:00,51.70091
2024-03-06 04:00:00,52.944332
2024-03-06 05:00:00,50.450405
2024-03-06 06:00:00,49.660175
2024-03-06 07:00:00,52.94999
2024-03-06 08:00:00,54.366276
2024-03-06 09:00:00,55.930252
2024-03-06 10:00:00,54.63177
2024-03-06 11:00:00,55.070305
2024-03-06 12:00:00,55.062393
2024-03-06 13:00:00,55.71619
2024-03-06 14:00:00,55.26535
2024-03-06 15:00:00,34.384003
2024-03-06 16:00:00,43.266914
2024-03-06 17:00:00,40.86591
2024-03-06 18:00:00,41.316273
2024-03-06 19:00:00,46.275784
2024-03-06 20:00:00,48.150875
2024-03-06 21:00:00,47.791256
2024-03-06 22:00:00,50.82894
2024-03-06 23:00:00,50.421227
2024-03-07 00:00:00,45.445305
2024-03-07 01:00:00,52.958946
2024-03-07 02:00:00,55.545086
2024-03-07 03:00:00,55.975964
2024-03-07 04:00:00,55.538685
2024-03-07 05:00:00,55.708805
2024-03-07 06:00:00,57.194298
2024-03-07 07:00:00,56.725407
2024-03-07 08:00:00,57.517662
2024-03-07 09:00:00,57.12452
2024-03-07 10:00:00,56.99081
2024-03-07 11:00:00,56.912304
2024-03-07 12:00:00,55.96028
2024-03-07 13:00:00,54.57895
2024-03-07 14:00:00,52.0611
2024-03-07 15:00:00,27.753832
2024-03-07 16:00:00,27.197477
2024-03-07 17:00:00,36.488667
2024-03-07 18:00:00,48.17918
2024-03-07 19:00:00,46.98735
2024-03-07 20:00:00,52.101215
2024-03-07 21:00:00,50.874496
2024-03-07 22:00:00,46.73809
2024-03-07 23:00:00,50.480556
2024-03-08 00:00:00,31.630766
2024-03-08 01:00:00,15.389772
2024-03-08 02:00:00,16.354769
2024-03-08 03:00:00,23.341885
2024-03-08 04:00:00,56.013824
2024-03-08 05:00:00,58.812653
2024-03-08 06:00:00,38.787777
2024-03-08 07:00:00,52.655094
2024-03-08 08:00:00,52.500546
2024-03-08 09:00:00,33.16454
2024-03-08 10:00:00,37.58278
2024-03-08 11:00:00,30.688665
2024-03-08 12:00:00,22.12115
2024-03-08 13:00:00,42.92639
2024-03-08 14:00:00,43.667355
2024-03-08 15:00:00,52.408833
2024-03-08 16:00:00,43.058514
2024-03-08 17:00:00,45.124893
2024-03-08 18:00:00,41.91074
2024-03-08 19:00:00,37.411213
2024-03-08 20:00:00,40.113728
2024-03-08 21:00:00,47.405388
2024-03-08 22:00:00,34.892017
2024-03-08 23:00:00,34.88924
2024-03-09 00:00:00,41.05457
2024-03-09 01:00:00,27.738913
2024-03-09 02:00:00,46.207954
2024-03-09 03:00:00,56.58748
2024-03-09 04:00:00,55.987328
2024-03-09 05:00:00,56.60889
2024-03-09 06:00:00,56.482704
2024-03-09 07:00:00,54.627632
2024-03-09 08:00:00,53.468746
2024-03-09 09:00:00,50.91786
2024-03-09 10:00:00,49.985756
2024-03-09 11:00:00,39.239513
2024-03-09 12:00:00,19.274761
2024-03-09 13:00:00,32.016903
2024-03-09 14:00:00,24.093641
2024-03-09 15:00:00,2.818644
2024-03-09 16:00:00,4.26023
2024-03-09 17:00:00,20.048931
2024-03-09 18:00:00,3.1013424
2024-03-09 19:00:00,2.6667423
2024-03-09 20:00:00,1.8835735
2024-03-09 21:00:00,0.8900542
2024-03-09 22:00:00,3.8260024
2024-03-09 23:00:00,5.150254
2024-03-10 00:00:00,10.8939905
2024-03-10 01:00:00,22.514238
2024-03-10 02:00:00,25.4361
2024-03-10 03:00:00,41.38728
2024-03-10 04:00:00,45.47108
2024-03-10 05:00:00,54.375244
2024-03-10 06:00:00,56.13509
2024-03-10 07:00:00,56.73102
2024-03-10 08:00:00,56.59937
2024-03-10 09:00:00,57.51525
2024-03-10 10:00:00,57.922222
2024-03-10 11:00:00,58.590054
2024-03-10 12:00:00,58.58698
2024-03-10 13:00:00,59.287106
2024-03-10 14:00:00,58.359684
2024-03-10 15:00:00,42.618286
2024-03-10 16:00:00,34.784187
2024-03-10 17:00:00,39.840702
2024-03-10 18:00:00,37.706688
2024-03-10 19:00:00,32.629818
2024-03-10 20:00:00,26.261904
2024-03-10 21:00:00,31.314783
2024-03-10 22:00:00,29.51377
2024-03-10 23:00:00,43.351723
2024-03-11 00:00:00,32.36051
2024-03-11 01:00:00,35.32745
2024-03-11 02:00:00,44.086376
2024-03-11 03:00:00,47.263313
2024-03-11 04:00:00,42.499752
2024-03-11 05:00:00,38.07386
2024-03-11 06:00:00,42.69598
2024-03-11 07:00:00,44.710392
2024-03-11 08:00:00,46.24096
2024-03-11 09:00:00,43.469414
2024-03-11 10:00:00,38.33224
2024-03-11 11:00:00,49.557552
2024-03-11 12:00:00,46.00611
2024-03-11 13:00:00,52.541878
2024-03-11 14:00:00,37.93171
2024-03-11 15:00:00,35.975475
2024-03-11 16:00:00,24.82747
2024-03-11 17:00:00,33.935795
2024-03-11 18:00:00,36.39038
2024-03-11 19:00:00,37.408604
2024-03-11 20:00:00,40.458607
2024-03-11 21:00:00,46.931767
2024-03-11 22:00:00,44.150608
2024-03-11 23:00:00,30.533224
2024-03-12 00:00:00,28.190306
2024-03-12 01:00:00,36.83931
2024-03-12 02:00:00,32.907734
2024-03-12 03:00:00,31.346762
2024-03-12 04:00:00,19.616611
2024-03-12 05:00:00,25.014557
2024-03-12 06:00:00,20.76439
2024-03-12 07:00:00,21.85949
2024-03-12 08:00:00,27.121174
2024-03-12 09:00:00,13.308194
2024-03-12 10:00:00,20.320465
2024-03-12 11:00:00,18.697765
2024-03-12 12:00:00,12.34948
2024-03-12 13:00:00,11.16961
2024-03-12 14:00:00,8.004094
2024-03-12 15:00:00,8.079019
2024-03-12 16:00:00,1.1255698
2024-03-12 17:00:00,3.4228003
2024-03-12 18:00:00,5.19921
2024-03-12 19:00:00,2.0116937
2024-03-12 20:00:00,1.4286313
2024-03-12 21:00:00,1.2506869
2024-03-12 22:00:00,1.5400424
2024-03-12 23:00:00,1.5465345
2024-03-13 00:00:00,0.8642586
2024-03-13 01:00:00,3.2306175
2024-03-13 02:00:00,1.6781874
2024-03-13 03:00:00,1.2882762
2024-03-13 04:00:00,4.009399
2024-03-13 05:00:00,16.531301
2024-03-13 06:00:00,8.0510235
2024-03-13 07:00:00,17.751558
2024-03-13 08:00:00,7.6048017
2024-03-13 09:00:00,1.7272222
2024-03-13 10:00:00,1.675338
2024-03-13 11:00:00,0.8476631
2024-03-13 12:00:00,4.108968
2024-03-13 13:00:00,8.198578
2024-03-13 14:00:00,1.3164747
2024-03-13 15:00:00,0.5202881
2024-03-13 16:00:00,0.21342084
2024-03-13 17:00:00,0.013866186
2024-03-13 18:00:00,0.13383654
2024-03-13 19:00:00,-0.13593584
2024-03-13 20:00:00,0.018619895
2024-03-13 21:00:00,0.1545487
2024-03-13 22:00:00,0.089541584
2024-03-13 23:00:00,0.79571915
2024-03-14 00:00:00,0.68710726
2024-03-14 01:00:00,4.177754
2024-03-14 02:00:00,2.4088898
2024-03-14 03:00:00,1.5690284
2024-03-14 04:00:00,7.9482884
2024-03-14 05:00:00,22.109064
2024-03-14 06:00:00,21.757315
2024-03-14 07:00:00,14.973327
2024-03-14 08:00:00,14.042978
2024-03-14 09:00:00,9.605655
2024-03-14 10:00:00,3.5719223
2024-03-14 11:00:00,2.206728
2024-03-14 12:00:00,3.5641887
2024-03-14 13:00:00,1.4997985
2024-03-14 14:00:00,0.7234973
2024-03-14 15:00:00,0.2230506
2024-03-14 16:00:00,0.072378874
2024-03-14 17:00:00,1.1121824
2024-03-14 18:00:00,0.47736186
2024-03-14 19:00:00,0.27968287
2024-03-14 20:00:00,0.25938267
2024-03-14 21:00:00,0.30759972
2024-03-14 22:00:00,1.1984739
2024-03-14 23:00:00,3.0083933
2024-03-15 00:00:00,16.332693
2024-03-15 01:00:00,6.5190926
2024-03-15 02:00:00,3.0141733
2024-03-15 03:00:00,25.196342
2024-03-15 04:00:00,9.586156
2024-03-15 05:00:00,5.6180844
2024-03-15 06:00:00,7.0048423
2024-03-15 07:00:00,23.221344
2024-03-15 08:00:00,7.6537848
2024-03-15 09:00:00,4.40815
2024-03-15 10:00:00,3.8739786
2024-03-15 11:00:00,6.6333375
2024-03-15 12:00:00,11.585457
2024-03-15 13:00:00,4.7835364
2024-03-15 14:00:00,3.039197
2024-03-15 15:00:00,0.68105614
2024-03-15 16:00:00,0.46189785
2024-03-15 17:00:00,0.3037046
2024-03-15 18:00:00,0.7704814
2024-03-15 19:00:00,1.0603659
2024-03-15 20:00:00,12.765484
2024-03-15 21:00:00,14.831005
2024-03-15 22:00:00,15.694264
2024-03-15 23:00:00,23.64832
2024-03-16 00:00:00,24.904026
2024-03-16 01:00:00,21.734163
2024-03-16 02:00:00,1.8353314
2024-03-16 03:00:00,1.4451563
2024-03-16 04:00:00,8.363316
2024-03-16 05:00:00,7.2506766
2024-03-16 06:00:00,0.7142814
2024-03-16 07:00:00,11.102502
2024-03-16 08:00:00,13.457222
2024-03-16 09:00:00,9.340786
2024-03-16 10:00:00,4.3933964
2024-03-16 11:00:00,3.6525242
2024-03-16 12:00:00,2.2750268
2024-03-16 13:00:00,1.5884786
2024-03-16 14:00:00,0.584623
2024-03-16 15:00:00,0.010677397
2024-03-16 16:00:00,0.087396026
2024-03-16 17:00:00,0.050999522
2024-03-16 18:00:00,0.29560655
2024-03-16 19:00:00,0.75963444
2024-03-16 20:00:00,1.3105822
2024-03-16 21:00:00,5.031126
2024-03-16 22:00:00,9.349922
2024-03-16 23:00:00,3.65536
2024-03-17 00:00:00,11.302904
2024-03-17 01:00:00,9.381488
2024-03-17 02:00:00,5.1368284
2024-03-17 03:00:00,4.1098104
2024-03-17 04:00:00,13.734582
2024-03-17 05:00:00,18.419056
2024-03-17 06:00:00,14.952958
2024-03-17 07:00:00,27.141525
2024-03-17 08:00:00,18.089817
2024-03-17 09:00:00,24.794815
2024-03-17 10:00:00,18.816095
2024-03-17 11:00:00,16.74482
2024-03-17 12:00:00,9.351793
2024-03-17 13:00:00,5.671582
2024-03-17 14:00:00,2.756777
2024-03-17 15:00:00,0.47518712
2024-03-17 16:00:00,0.22332668
2024-03-17 17:00:00,0.34763622
2024-03-17 18:00:00,0.319701
2024-03-17 19:00:00,2.2656972
2024-03-17 20:00:00,2.426754
2024-03-17 21:00:00,6.282719
2024-03-17 22:00:00,8.227559
2024-03-17 23:00:00,5.1954675
2024-03-18 00:00:00,5.581101
2024-03-18 01:00:00,9.901919
2024-03-18 02:00:00,19.07016
2024-03-18 03:00:00,26.769958
2024-03-18 04:00:00,31.800936
2024-03-18 05:00:00,18.496689
2024-03-18 06:00:00,16.510437
2024-03-18 07:00:00,19.200758
2024-03-18 08:00:00,21.781164
2024-03-18 09:00:00,21.15988
2024-03-18 10:00:00,23.590397
2024-03-18 11:00:00,25.00966
2024-03-18 12:00:00,6.7704077
2024-03-18 13:00:00,2.9757395
2024-03-18 14:00:00,1.5138304
2024-03-18 15:00:00,0.9615259
2024-03-18 16:00:00,0.20789605
2024-03-18 17:00:00,0.50718117
2024-03-18 18:00:00,2.133768
2024-03-18 19:00:00,7.7439923
2024-03-18 20:00:00,10.922197
2024-03-18 21:00:00,12.672554
2024-03-18 22:00:00,10.89784
2024-03-18 23:00:00,12.362404
2024-03-19 00:00:00,22.909857
2024-03-19 01:00:00,13.897344
2024-03-19 02:00:00,22.988394
2024-03-19 03:00:00,40.513767
2024-03-19 04:00:00,41.68552
2024-03-19 05:00:00,46.92822
2024-03-19 06:00:00,49.09662
2024-03-19 07:00:00,42.194496
2024-03-19 08:00:00,33.53294
2024-03-19 09:00:00,27.57257
2024-03-19 10:00:00,21.315655
2024-03-19 11:00:00,10.84512
2024-03-19 12:00:00,16.33241
2024-03-19 13:00:00,15.651918
2024-03-19 14:00:00,17.604383
2024-03-19 15:00:00,6.651576
2024-03-19 16:00:00,4.714566
2024-03-19 17:00:00,16.22535
2024-03-19 18:00:00,24.680014
2024-03-19 19:00:00,29.160755
2024-03-19 20:00:00,36.941654
2024-03-19 21:00:00,40.95793
2024-03-19 22:00:00,43.74406
2024-03-19 23:00:00,49.021896
2024-03-20 00:00:00,49.558094
2024-03-20 01:00:00,53.072395
2024-03-20 02:00:00,51.667118
2024-03-20 03:00:00,53.013103
2024-03-20 04:00:00,50.6738
2024-03-20 05:00:00,49.97035
2024-03-20 06:00:00,43.563625
2024-03-20 07:00:00,47.667862
2024-03-20 08:00:00,35.811424
2024-03-20 09:00:00,39.170834
2024-03-20 10:00:00,41.181442
2024-03-20 11:00:00,38.043568
2024-03-20 12:00:00,35.87879
2024-03-20 13:00:00,37.593956
2024-03-20 14:00:00,36.374912
2024-03-20 15:00:00,23.750895
2024-03-20 16:00:00,24.387846
2024-03-20 17:00:00,29.129074
2024-03-20 18:00:00,34.798542
2024-03-20 19:00:00,35.168274
2024-03-20 20:00:00,37.483654
2024-03-20 21:00:00,41.070595
2024-03-20 22:00:00,41.212406
2024-03-20 23:00:00,42.461887
2024-03-21 00:00:00,37.698288
2024-03-21 01:00:00,42.230125
2024-03-21 02:00:00,50.43256
2024-03-21 03:00:00,52.715668
2024-03-21 04:00:00,54.395733
2024-03-21 05:00:00,53.34534
2024-03-21 06:00:00,52.15696
2024-03-21 07:00:00,53.21565
2024-03-21 08:00:00,48.793896
2024-03-21 09:00:00,44.91991
2024-03-21 10:00:00,47.979088
2024-03-21 11:00:00,48.08164
2024-03-21 12:00:00,37.990658
2024-03-21 13:00:00,39.73795
2024-03-21 14:00:00,41.71877
2024-03-21 15:00:00,35.123856
2024-03-21 16:00:00,27.177149
2024-03-21 17:00:00,28.321907
2024-03-21 18:00:00,24.358038
2024-03-21 19:00:00,18.317549
2024-03-21 20:00:00,27.785025
2024-03-21 21:00:00,34.72531
2024-03-21 22:00:00,17.521107
2024-03-21 23:00:00,4.8111944
2024-03-22 00:00:00,8.984081
2024-03-22 01:00:00,12.255152
2024-03-22 02:00:00,15.612018
2024-03-22 03:00:00,12.677209
2024-03-22 04:00:00,3.6201723
2024-03-22 05:00:00,6.246411
2024-03-22 06:00:00,10.332664
2024-03-22 07:00:00,12.612862
2024-03-22 08:00:00,13.182727
2024-03-22 09:00:00,17.79656
2024-03-22 10:00:00,31.981964
2024-03-22 11:00:00,13.531951
2024-03-22 12:00:00,6.237031
2024-03-22 13:00:00,0.979548
2024-03-22 14:00:00,0.7378169
2024-03-22 15:00:00,17.891699
2024-03-22 16:00:00,13.692668
2024-03-22 17:00:00,9.0981045
2024-03-22 18:00:00,6.2522597
2024-03-22 19:00:00,9.247013
2024-03-22 20:00:00,16.08894
2024-03-22 21:00:00,19.334116
2024-03-22 22:00:00,26.437239
2024-03-22 23:00:00,29.043621
2024-03-23 00:00:00,40.462704
2024-03-23 01:00:00,39.881298
2024-03-23 02:00:00,50.822247
2024-03-23 03:00:00,52.108112
2024-03-23 04:00:00,44.604893
2024-03-23 05:00:00,46.98581
2024-03-23 06:00:00,39.24113
2024-03-23 07:00:00,21.168966
2024-03-23 08:00:00,23.340666
2024-03-23 09:00:00,3.1600776
2024-03-23 10:00:00,0.9653276
2024-03-23 11:00:00,0.5787697
2024-03-23 12:00:00,0.513949
2024-03-23 13:00:00,0.67452645
2024-03-23 14:00:00,0.79704404
2024-03-23 15:00:00,0.16312277
2024-03-23 16:00:00,0.7863392
2024-03-23 17:00:00,15.025946
2024-03-23 18:00:00,13.116393
2024-03-23 19:00:00,16.074553
2024-03-23 20:00:00,20.546753
2024-03-23 21:00:00,42.500942
2024-03-23 22:00:00,48.1434
2024-03-23 23:00:00,41.68551
2024-03-24 00:00:00,30.67359
2024-03-24 01:00:00,19.687847
2024-03-24 02:00:00,32.235767
2024-03-24 03:00:00,17.098974
2024-03-24 04:00:00,21.608038
2024-03-24 05:00:00,5.213112
2024-03-24 06:00:00,2.4360514
2024-03-24 07:00:00,8.653505
2024-03-24 08:00:00,7.0301647
2024-03-24 09:00:00,4.573285
2024-03-24 10:00:00,7.4638267
2024-03-24 11:00:00,3.8466747
2024-03-24 12:00:00,3.9270108
2024-03-24 13:00:00,0.6015081
2024-03-24 14:00:00,0.20254454
2024-03-24 15:00:00,0.16890544
2024-03-24 16:00:00,0.20134339
2024-03-24 17:00:00,1.6114223
2024-03-24 18:00:00,9.791839
2024-03-24 19:00:00,9.652115
2024-03-24 20:00:00,7.742623
2024-03-24 21:00:00,7.2652335
2024-03-24 22:00:00,11.106602
2024-03-24 23:00:00,5.8069515
2024-03-25 00:00:00,14.167427
2024-03-25 01:00:00,20.875086
2024-03-25 02:00:00,43.590923
2024-03-25 03:00:00,35.020134
2024-03-25 04:00:00,45.26332
2024-03-25 05:00:00,49.290604
2024-03-25 06:00:00,50.290493
2024-03-25 07:00:00,21.946413
2024-03-25 08:00:00,31.779411
2024-03-25 09:00:00,17.127022
2024-03-25 10:00:00,25.4877
2024-03-25 11:00:00,27.342585
2024-03-25 12:00:00,24.108025
2024-03-25 13:00:00,19.515486
2024-03-25 14:00:00,15.868065
2024-03-25 15:00:00,2.2685533
2024-03-25 16:00:00,2.969138
2024-03-25 17:00:00,4.938133
2024-03-25 18:00:00,3.0586195
2024-03-25 19:00:00,4.511206
2024-03-25 20:00:00,4.657297
2024-03-25 21:00:00,9.375862
2024-03-25 22:00:00,7.292407
2024-03-25 23:00:00,5.6604247
2024-03-26 00:00:00,12.813387
2024-03-26 01:00:00,16.948725
2024-03-26 02:00:00,36.621338
2024-03-26 03:00:00,47.50926
2024-03-26 04:00:00,55.048283
2024-03-26 05:00:00,53.730442
2024-03-26 06:00:00,30.148972
2024-03-26 07:00:00,20.40747
2024-03-26 08:00:00,5.8020663
2024-03-26 09:00:00,19.220026
2024-03-26 10:00:00,22.651075
2024-03-26 11:00:00,28.152048
2024-03-26 12:00:00,23.855753
2024-03-26 13:00:00,24.960667
2024-03-26 14:00:00,48.67069
2024-03-26 15:00:00,38.650948
2024-03-26 16:00:00,30.166761
2024-03-26 17:00:00,25.186884
2024-03-26 18:00:00,21.553982
2024-03-26 19:00:00,13.631756
2024-03-26 20:00:00,6.0236716
2024-03-26 21:00:00,6.231045
2024-03-26 22:00:00,6.658895
2024-03-26 23:00:00,7.506952
2024-03-27 00:00:00,9.514412
2024-03-27 01:00:00,12.98584
2024-03-27 02:00:00,21.142302
2024-03-27 03:00:00,43.038864
2024-03-27 04:00:00,39.533684
2024-03-27 05:00:00,43.184536
2024-03-27 06:00:00,45.076347
2024-03-27 07:00:00,50.642258
2024-03-27 08:00:00,44.566196
2024-03-27 09:00:00,22.221603
2024-03-27 10:00:00,33.17756
2024-03-27 11:00:00,29.561428
2024-03-27 12:00:00,23.498343
2024-03-27 13:00:00,18.955414
2024-03-27 14:00:00,13.061902
2024-03-27 15:00:00,2.9996643
2024-03-27 16:00:00,4.118592
2024-03-27 17:00:00,6.8742137
2024-03-27 18:00:00,8.664471
2024-03-27 19:00:00,12.373747
2024-03-27 20:00:00,11.020397
2024-03-27 21:00:00,10.373241
2024-03-27 22:00:00,11.473097
2024-03-27 23:00:00,16.019096
2024-03-28 00:00:00,14.785166
2024-03-28 01:00:00,21.871244
2024-03-28 02:00:00,39.839386
2024-03-28 03:00:00,34.65943
2024-03-28 04:00:00,29.880154
2024-03-28 05:00:00,20.046886
2024-03-28 06:00:00,25.174849
2024-03-28 07:00:00,22.23792
2024-03-28 08:00:00,14.861283
2024-03-28 09:00:00,10.532454
2024-03-28 10:00:00,10.399731
2024-03-28 11:00:00,3.010423
2024-03-28 12:00:00,2.9389045
2024-03-28 13:00:00,1.3886476
2024-03-28 14:00:00,0.36430198
2024-03-28 15:00:00,0.17347398
2024-03-28 16:00:00,-0.008115649
2024-03-28 17:00:00,0.42455876
2024-03-28 18:00:00,2.4577107
2024-03-28 19:00:00,1.052629
2024-03-28 20:00:00,0.6056582
2024-03-28 21:00:00,0.4214092
2024-03-28 22:00:00,0.4801323
2024-03-28 23:00:00,0.77429026
2024-03-29 00:00:00,0.49750054
2024-03-29 01:00:00,11.295092
2024-03-29 02:00:00,23.416096
2024-03-29 03:00:00,9.910563
2024-03-29 04:00:00,6.4879785
2024-03-29 05:00:00,4.863599
2024-03-29 06:00:00,1.6184146
2024-03-29 07:00:00,0.7830825
2024-03-29 08:00:00,0.21102455
2024-03-29 09:00:00,3.8080006
2024-03-29 10:00:00,4.02312
2024-03-29 11:00:00,9.1546135
2024-03-29 12:00:00,2.9529104
2024-03-29 13:00:00,2.1313534
2024-03-29 14:00:00,0.70135856
2024-03-29 15:00:00,0.4074908
2024-03-29 16:00:00,0.64937115
2024-03-29 17:00:00,14.247721
2024-03-29 18:00:00,7.38651
2024-03-29 19:00:00,1.9039345
2024-03-29 20:00:00,2.4072866
2024-03-29 21:00:00,13.744423
2024-03-29 22:00:00,7.4504895
2024-03-29 23:00:00,5.7505517
2024-03-30 00:00:00,8.05599
2024-03-30 01:00:00,3.3878858
2024-03-30 02:00:00,12.241613
2024-03-30 03:00:00,3.0511844
2024-03-30 04:00:00,1.6265836
2024-03-30 05:00:00,5.6636767
2024-03-30 06:00:00,16.224676
2024-03-30 07:00:00,11.598203
2024-03-30 08:00:00,8.107062
2024-03-30 09:00:00,4.316852
2024-03-30 10:00:00,2.4137754
2024-03-30 11:00:00,0.50542593
2024-03-30 12:00:00,0.19610652
2024-03-30 13:00:00,0.25422657
2024-03-30 14:00:00,0.4721843
2024-03-30 15:00:00,0.14379203
2024-03-30 16:00:00,0.05382192
2024-03-30 17:00:00,0.004313886
2024-03-30 18:00:00,0.31505165
2024-03-30 19:00:00,0.12320244
2024-03-30 20:00:00,0.02820301
2024-03-30 21:00:00,0.12140247
2024-03-30 22:00:00,0.749267
2024-03-30 23:00:00,2.9861689
2024-03-31 00:00:00,9.7139635
2024-03-31 01:00:00,1.8654742
2024-03-31 02:00:00,9.251985
2024-03-31 03:00:00,4.9106245
2024-03-31 04:00:00,3.1664772
2024-03-31 05:00:00,0.41683647
2024-03-31 06:00:00,1.065664
2024-03-31 07:00:00,-0.19914287
2024-03-31 08:00:00,0.3232405
2024-03-31 09:00:00,9.550903
2024-03-31 10:00:00,4.1537824
2024-03-31 11:00:00,0.7780814
2024-03-31 12:00:00,0.8810528
2024-03-31 13:00:00,0.8336307
2024-03-31 14:00:00,0.41550463
2024-03-31 15:00:00,-0.06393713
2024-03-31 16:00:00,-0.04854411
2024-03-31 17:00:00,0.22407016
2024-03-31 18:00:00,3.2517796
2024-03-31 19:00:00,1.82623
2024-03-31 20:00:00,6.755614
2024-03-31 21:00:00,12.282369
2024-03-31 22:00:00,15.2283745
2024-03-31 23:00:00,13.421456
